transaction_id,item_id,seller_id,year,month,day,num_items
1,1,1,2009,5,29,1
2,2,8,2009,11,30,1
3,3,15,2009,1,27,1
4,4,13,2009,12,21,1
5,5,11,2009,12,21,1
6,6,7,2009,3,17,1
7,7,7,2009,9,16,1
8,8,5,2009,7,3,2
9,9,17,2009,7,15,1
10,10,5,2009,11,30,1
11,11,6,2009,11,28,1
12,12,7,2009,10,21,1
13,13,6,2009,1,5,1
14,14,11,2009,10,31,1
15,15,14,2009,5,12,1
16,16,17,2009,9,23,1
17,17,20,2009,4,7,1
18,18,12,2009,1,28,1
19,19,12,2009,12,21,1
20,20,12,2009,8,26,1
21,21,17,2009,1,20,1
22,22,15,2009,2,23,1
23,23,19,2009,6,25,1
24,24,13,2009,1,20,1
25,25,5,2009,10,11,1
26,26,9,2009,4,25,1
27,27,7,2009,12,1,1
28,28,6,2009,11,4,1
29,29,15,2009,4,13,1
30,29,9,2009,12,22,1
31,29,4,2009,8,23,1
32,30,19,2009,11,9,1
33,31,20,2009,10,7,1
34,32,12,2009,7,24,1
35,33,15,2009,7,24,1
36,34,17,2009,7,22,1
37,35,14,2009,10,7,1
38,35,12,2009,7,22,1
39,36,16,2009,7,22,1
40,37,15,2009,2,7,1
41,38,18,2009,5,14,1
42,39,8,2009,3,18,1
43,40,17,2009,2,27,1
44,41,14,2009,11,8,1
45,42,20,2009,11,8,1
46,43,18,2009,5,17,1
47,44,1,2009,10,13,1
48,44,1,2009,10,24,1
49,45,18,2009,7,31,1
50,46,9,2009,3,9,1
51,47,14,2009,12,16,1
52,48,8,2009,1,31,1
53,49,17,2009,10,7,1
54,50,18,2009,3,14,1
55,51,18,2009,10,5,1
56,52,2,2009,12,3,1
57,53,20,2009,1,28,1
58,54,17,2009,3,3,1
59,54,12,2009,3,7,1
60,55,20,2009,8,14,1
61,56,11,2009,10,4,1
62,57,19,2009,3,29,1
63,58,20,2009,6,29,1
64,59,19,2009,8,29,1
65,60,15,2009,8,29,1
66,61,15,2009,2,21,1
67,62,18,2009,10,31,1
68,62,13,2009,11,13,-1
69,63,13,2009,10,15,2
70,64,9,2009,5,13,2
71,65,3,2009,7,9,1
72,66,14,2009,2,21,1
73,67,16,2009,11,30,1
74,68,2,2009,3,19,1
75,68,20,2009,3,20,1
76,68,19,2009,3,20,1
77,69,9,2009,1,9,1
78,70,4,2009,10,28,1
79,71,7,2009,10,28,1
80,72,6,2009,10,29,1
81,73,6,2009,10,28,1
82,74,13,2009,8,26,1
83,75,7,2009,12,11,1
84,76,13,2009,12,27,1
85,77,16,2009,4,14,1
86,78,1,2009,10,4,1
87,79,19,2009,10,6,1
88,80,5,2009,7,14,1
89,81,9,2009,12,7,1
90,82,12,2009,11,19,1
91,82,3,2009,10,21,1
92,83,7,2009,6,16,1
93,84,4,2009,7,24,1
94,85,5,2009,3,7,1
95,86,1,2009,7,30,1
96,87,3,2009,3,7,1
97,88,20,2009,6,17,1
98,89,2,2009,7,13,1
99,90,20,2009,5,14,1
100,91,8,2009,12,5,1
101,92,17,2009,2,9,1
102,93,17,2009,6,3,1
103,94,17,2009,5,6,1
104,95,12,2009,10,19,1
105,96,4,2009,10,22,1
106,97,2,2009,3,10,1
107,98,16,2009,12,29,4
108,99,20,2009,7,16,1
109,100,5,2009,9,6,1
110,101,15,2009,12,7,1
111,102,20,2009,12,11,1
112,103,19,2009,8,27,1
113,104,6,2009,7,13,1
114,105,14,2009,2,11,1
115,106,11,2009,5,12,1
116,107,16,2009,5,12,1
117,108,19,2009,7,2,1
118,109,1,2009,11,23,1
119,110,17,2009,2,7,1
120,111,11,2009,2,7,1
121,112,11,2009,3,11,1
122,113,1,2009,3,14,1
123,114,1,2009,10,15,1
124,115,4,2009,6,18,2
125,115,6,2009,5,29,1
126,116,10,2009,5,29,1
127,117,5,2009,6,18,3
128,118,17,2009,2,27,1
129,119,16,2009,2,24,1
130,120,17,2009,4,19,1
131,121,18,2009,10,3,1
132,122,6,2009,8,23,1
133,123,12,2009,12,21,1
134,124,19,2009,10,12,1
135,125,19,2009,5,14,1
136,126,3,2009,5,25,1
137,127,18,2009,3,19,1
138,128,10,2009,4,6,1
139,129,4,2009,11,24,1
140,130,4,2009,3,26,1
141,131,18,2009,7,29,1
142,132,16,2009,3,3,1
143,133,14,2009,3,3,1
144,134,15,2009,3,3,1
145,135,5,2009,3,7,1
146,135,7,2009,3,13,-1
147,136,7,2009,8,11,1
148,137,13,2009,12,11,2
149,138,3,2009,12,8,1
150,139,17,2009,12,2,1
151,140,1,2009,4,4,1
152,141,10,2009,11,24,1
153,142,10,2009,11,24,1
154,143,13,2009,5,4,1
155,144,6,2009,4,5,1
156,145,1,2009,4,21,1
157,146,18,2009,1,27,1
158,147,16,2009,2,21,1
159,148,20,2009,1,20,1
160,149,15,2009,8,27,1
161,150,17,2009,8,27,1
162,151,11,2009,5,12,1
163,152,12,2009,3,16,1
164,153,2,2009,12,3,1
165,154,17,2009,7,7,1
166,155,12,2009,4,19,1
167,156,19,2009,3,19,1
168,157,5,2009,11,7,1
169,158,18,2009,5,11,1
170,159,11,2009,5,11,1
171,160,6,2009,8,20,1
172,161,4,2009,11,2,1
173,162,19,2009,3,1,1
174,162,20,2009,3,12,-1
175,163,18,2009,1,3,3
176,164,12,2009,11,1,1
177,165,15,2009,11,1,1
178,166,11,2009,3,23,1
179,167,15,2009,6,9,1
180,168,15,2009,10,19,1
181,169,17,2009,5,28,1
182,169,16,2009,6,15,1
183,169,15,2009,11,11,1
184,170,14,2009,2,7,1
185,171,17,2009,4,16,1
186,172,14,2009,3,29,1
187,173,12,2009,3,19,1
188,174,11,2009,3,6,1
189,174,3,2009,12,4,1
190,175,1,2009,9,24,1
191,176,20,2009,11,14,1
192,176,4,2009,4,21,1
193,177,6,2009,5,6,1
194,178,2,2009,10,20,1
195,179,19,2009,9,2,1
196,179,16,2009,2,13,1
197,179,9,2009,3,18,1
198,179,8,2009,3,2,1
199,179,3,2009,11,4,1
200,180,12,2009,2,13,1
201,181,11,2009,5,27,2
202,181,14,2009,2,8,1
203,181,13,2009,2,11,1
204,181,16,2009,2,19,1
205,181,20,2009,2,23,1
206,181,11,2009,3,26,1
207,181,11,2009,3,29,1
208,181,13,2009,4,3,1
209,181,20,2009,4,12,1
210,181,15,2009,4,13,1
211,181,12,2009,4,23,1
212,181,20,2009,4,24,1
213,181,14,2009,4,25,1
214,181,19,2009,4,28,1
215,181,12,2009,5,9,1
216,181,19,2009,5,21,1
217,181,15,2009,5,23,1
218,181,14,2009,6,2,1
219,181,20,2009,6,15,1
220,181,3,2009,10,1,1
221,181,14,2009,10,14,1
222,181,9,2009,12,14,1
223,181,19,2009,7,1,1
224,181,12,2009,7,8,1
225,181,20,2009,7,22,1
226,181,15,2009,8,11,1
227,181,19,2009,8,15,1
228,181,14,2009,9,2,1
229,181,12,2009,9,8,1
230,181,11,2009,9,19,1
231,181,20,2009,11,11,1
232,181,4,2009,2,11,1
233,181,3,2009,1,1,1
234,181,8,2009,4,19,1
235,181,2,2009,5,7,1
236,181,3,2009,7,27,1
237,181,10,2009,8,21,1
238,181,10,2009,12,10,1
239,181,9,2009,3,17,1
240,181,10,2009,10,22,1
241,181,4,2009,6,24,1
242,182,11,2009,1,7,1
243,183,14,2009,4,3,1
244,183,11,2009,4,8,1
245,183,12,2009,10,14,1
246,184,17,2009,2,23,2
247,184,18,2009,2,10,1
248,184,13,2009,1,13,1
249,184,14,2009,2,8,1
250,184,18,2009,4,13,1
251,184,15,2009,4,24,1
252,184,17,2009,5,24,1
253,184,3,2009,12,14,1
254,184,15,2009,6,15,1
255,184,16,2009,6,17,1
256,184,13,2009,9,14,1
257,184,1,2009,10,1,1
258,184,18,2009,11,11,1
259,184,2,2009,1,2,1
260,184,7,2009,2,20,1
261,184,8,2009,3,15,1
262,184,7,2009,1,19,1
263,184,9,2009,12,7,1
264,184,1,2009,12,9,1
265,184,8,2009,12,22,1
266,184,4,2009,4,4,1
267,184,2,2009,12,5,1
268,184,5,2009,11,13,1
269,184,8,2009,7,15,1
270,184,4,2009,8,12,1
271,184,4,2009,9,17,1
272,184,3,2009,4,3,1
273,184,1,2009,5,31,1
274,184,9,2009,4,19,1
275,184,9,2009,5,7,1
276,185,12,2009,1,13,1
277,185,19,2009,1,27,1
278,185,14,2009,2,23,1
279,185,11,2009,3,2,1
280,185,19,2009,3,5,1
281,185,13,2009,3,12,1
282,185,15,2009,3,16,1
283,185,16,2009,3,24,1
284,185,14,2009,4,12,1
285,185,19,2009,4,13,1
286,185,16,2009,4,15,1
287,185,14,2009,4,16,1
288,185,11,2009,5,5,1
289,185,12,2009,5,21,1
290,185,15,2009,5,24,1
291,185,10,2009,10,1,1
292,185,6,2009,10,2,1
293,185,16,2009,10,12,1
294,185,17,2009,10,29,1
295,185,18,2009,12,3,1
296,185,11,2009,12,12,1
297,185,4,2009,12,14,1
298,185,13,2009,6,1,1
299,185,14,2009,6,28,1
300,185,13,2009,7,9,1
301,185,19,2009,7,22,1
302,185,17,2009,8,3,1
303,185,11,2009,8,25,1
304,185,15,2009,9,9,1
305,185,15,2009,9,10,1
306,185,13,2009,9,14,1
307,185,12,2009,9,18,1
308,185,16,2009,9,19,1
309,185,11,2009,11,4,1
310,185,13,2009,11,11,1
311,185,5,2009,2,28,1
312,185,10,2009,12,10,1
313,185,4,2009,5,7,1
314,185,7,2009,6,24,1
315,185,6,2009,3,27,1
316,185,2,2009,7,20,1
317,185,6,2009,5,9,1
318,185,1,2009,8,13,1
319,185,1,2009,12,21,1
320,185,3,2009,8,21,1
321,185,4,2009,1,7,1
322,185,8,2009,1,13,1
323,185,1,2009,8,11,1
324,185,1,2009,3,12,1
325,185,4,2009,9,9,1
326,185,2,2009,5,1,1
327,186,5,2009,1,26,1
328,187,13,2009,3,17,1
329,188,20,2009,3,9,1
330,189,17,2009,4,21,1
331,189,15,2009,10,27,1
332,189,18,2009,9,18,1
333,190,14,2009,2,23,3
334,190,19,2009,3,4,2
335,190,17,2009,3,6,2
336,190,16,2009,12,5,2
337,190,10,2009,1,3,1
338,190,16,2009,1,13,1
339,190,12,2009,1,14,1
340,190,13,2009,2,2,1
341,190,18,2009,2,10,1
342,190,12,2009,2,14,1
343,190,11,2009,2,18,1
344,190,16,2009,2,24,1
345,190,19,2009,2,27,1
346,190,11,2009,3,5,1
347,190,11,2009,3,11,1
348,190,20,2009,3,16,1
349,190,13,2009,3,20,1
350,190,19,2009,3,22,1
351,190,15,2009,3,23,1
352,190,11,2009,3,24,1
353,190,13,2009,3,31,1
354,190,19,2009,4,5,1
355,190,20,2009,4,13,1
356,190,16,2009,4,14,1
357,190,11,2009,4,15,1
358,190,11,2009,4,17,1
359,190,11,2009,4,29,1
360,190,14,2009,5,1,1
361,190,17,2009,5,15,1
362,190,20,2009,5,21,1
363,190,20,2009,5,26,1
364,190,17,2009,6,11,1
365,190,19,2009,6,13,1
366,190,11,2009,6,24,1
367,190,11,2009,6,26,1
368,190,13,2009,10,7,1
369,190,13,2009,10,9,1
370,190,15,2009,10,19,1
371,190,19,2009,10,20,1
372,190,12,2009,12,2,1
373,190,15,2009,12,6,1
374,190,16,2009,12,8,1
375,190,19,2009,12,13,1
376,190,19,2009,12,15,1
377,190,11,2009,6,25,1
378,190,18,2009,6,29,1
379,190,20,2009,7,1,1
380,190,17,2009,7,7,1
381,190,19,2009,7,26,1
382,190,19,2009,7,30,1
383,190,16,2009,8,12,1
384,190,17,2009,8,24,1
385,190,13,2009,9,3,1
386,190,11,2009,9,15,1
387,190,11,2009,9,17,1
388,190,18,2009,9,22,1
389,190,16,2009,9,30,1
390,190,20,2009,11,7,1
391,190,13,2009,11,20,1
392,190,18,2009,11,21,1
393,190,3,2009,8,11,1
394,190,19,2009,12,16,-1
395,190,15,2009,1,8,-1
396,191,13,2009,11,8,2
397,191,10,2009,11,23,2
398,191,3,2009,1,21,1
399,191,18,2009,1,28,1
400,191,12,2009,8,25,1
401,191,16,2009,1,14,1
402,191,16,2009,1,19,1
403,191,17,2009,1,29,1
404,191,15,2009,2,11,1
405,191,19,2009,2,23,1
406,191,12,2009,3,1,1
407,191,16,2009,3,7,1
408,191,15,2009,3,10,1
409,191,11,2009,3,23,1
410,191,13,2009,3,24,1
411,191,19,2009,3,30,1
412,191,11,2009,4,9,1
413,191,18,2009,4,12,1
414,191,18,2009,4,19,1
415,191,14,2009,4,22,1
416,191,17,2009,5,20,1
417,191,12,2009,10,21,1
418,191,11,2009,10,26,1
419,191,14,2009,12,29,1
420,191,17,2009,12,30,1
421,191,20,2009,6,3,1
422,191,11,2009,7,1,1
423,191,13,2009,7,9,1
424,191,15,2009,7,12,1
425,191,13,2009,7,31,1
426,191,8,2009,8,12,1
427,191,15,2009,8,12,1
428,191,13,2009,8,27,1
429,191,20,2009,9,11,1
430,191,12,2009,11,29,1
431,191,9,2009,10,1,1
432,191,4,2009,4,18,1
433,191,2,2009,6,15,1
434,191,4,2009,1,13,1
435,191,10,2009,7,8,1
436,191,15,2009,11,23,-1
437,192,19,2009,12,10,1
438,192,19,2009,3,5,1
439,192,16,2009,3,30,1
440,193,20,2009,2,18,1
441,193,18,2009,6,25,1
442,193,17,2009,9,2,1
443,193,7,2009,6,13,1
444,193,8,2009,8,13,1
445,194,16,2009,3,7,2
446,194,16,2009,12,5,2
447,194,15,2009,12,15,2
448,194,14,2009,1,8,1
449,194,17,2009,1,19,1
450,194,18,2009,2,10,1
451,194,20,2009,2,15,1
452,194,3,2009,3,8,1
453,194,14,2009,3,11,1
454,194,16,2009,3,19,1
455,194,20,2009,3,24,1
456,194,13,2009,4,1,1
457,194,12,2009,4,7,1
458,194,17,2009,4,13,1
459,194,14,2009,4,29,1
460,194,17,2009,6,5,1
461,194,11,2009,6,18,1
462,194,18,2009,7,1,1
463,194,13,2009,7,2,1
464,194,13,2009,7,5,1
465,194,20,2009,7,15,1
466,194,13,2009,7,30,1
467,194,14,2009,8,12,1
468,194,13,2009,8,14,1
469,194,12,2009,8,16,1
470,194,13,2009,8,17,1
471,194,2,2009,1,21,1
472,194,16,2009,12,24,1
473,194,19,2009,12,11,1
474,194,12,2009,12,13,1
475,194,19,2009,12,17,1
476,194,12,2009,12,17,1
477,194,19,2009,9,15,1
478,194,17,2009,9,17,1
479,194,13,2009,9,22,1
480,194,19,2009,10,26,1
481,194,12,2009,9,29,1
482,194,16,2009,11,6,1
483,194,16,2009,11,9,1
484,194,1,2009,1,2,1
485,194,6,2009,9,17,1
486,194,13,2009,9,21,1
487,194,4,2009,9,18,1
488,194,1,2009,10,1,1
489,194,1,2009,9,4,1
490,194,10,2009,8,12,1
491,194,8,2009,6,27,1
492,194,8,2009,6,14,1
493,194,2,2009,6,27,1
494,194,5,2009,6,25,1
495,194,4,2009,5,4,1
496,194,1,2009,6,8,1
497,194,5,2009,4,20,1
498,194,9,2009,4,27,1
499,194,13,2009,12,16,-1
500,195,13,2009,6,9,1
501,196,4,2009,11,23,2
502,196,12,2009,1,14,1
503,196,13,2009,1,19,1
504,196,20,2009,1,28,1
505,196,19,2009,1,29,1
506,196,13,2009,3,1,1
507,196,11,2009,3,7,1
508,196,17,2009,3,24,1
509,196,16,2009,3,31,1
510,196,19,2009,4,22,1
511,196,18,2009,4,27,1
512,196,16,2009,5,8,1
513,196,20,2009,10,21,1
514,196,12,2009,10,23,1
515,196,15,2009,6,3,1
516,196,12,2009,7,9,1
517,196,19,2009,7,29,1
518,196,20,2009,8,27,1
519,196,17,2009,11,21,1
520,196,14,2009,11,29,1
521,196,9,2009,10,1,1
522,196,6,2009,3,23,1
523,196,8,2009,7,13,1
524,197,15,2009,8,18,3
525,197,15,2009,2,3,2
526,197,19,2009,3,4,2
527,197,19,2009,8,11,2
528,197,14,2009,4,22,2
529,197,13,2009,6,17,2
530,197,15,2009,10,5,2
531,197,19,2009,12,5,2
532,197,20,2009,12,18,2
533,197,14,2009,1,21,1
534,197,12,2009,1,22,1
535,197,14,2009,1,28,1
536,197,13,2009,1,9,1
537,197,19,2009,1,13,1
538,197,16,2009,2,10,1
539,197,19,2009,2,11,1
540,197,12,2009,2,15,1
541,197,11,2009,2,16,1
542,197,11,2009,2,17,1
543,197,17,2009,2,18,1
544,197,15,2009,2,20,1
545,197,18,2009,2,24,1
546,197,14,2009,2,27,1
547,197,20,2009,3,5,1
548,197,14,2009,3,6,1
549,197,20,2009,3,10,1
550,197,16,2009,3,11,1
551,197,20,2009,7,15,1
552,197,18,2009,8,1,1
553,197,18,2009,8,9,1
554,197,19,2009,8,10,1
555,197,14,2009,8,26,1
556,197,15,2009,8,28,1
557,197,14,2009,9,11,1
558,197,12,2009,11,8,1
559,197,14,2009,3,23,1
560,197,7,2009,3,24,1
561,197,17,2009,3,26,1
562,197,18,2009,3,27,1
563,197,17,2009,3,29,1
564,197,11,2009,4,2,1
565,197,16,2009,4,7,1
566,197,15,2009,4,10,1
567,197,20,2009,4,13,1
568,197,13,2009,4,14,1
569,197,17,2009,4,16,1
570,197,15,2009,4,18,1
571,197,18,2009,4,21,1
572,197,11,2009,5,4,1
573,197,14,2009,5,7,1
574,197,20,2009,5,15,1
575,197,12,2009,5,18,1
576,197,11,2009,5,20,1
577,197,17,2009,5,31,1
578,197,19,2009,6,8,1
579,197,11,2009,6,11,1
580,197,18,2009,6,21,1
581,197,18,2009,6,23,1
582,197,13,2009,12,30,1
583,197,16,2009,10,1,1
584,197,19,2009,10,6,1
585,197,16,2009,10,7,1
586,197,13,2009,10,9,1
587,197,20,2009,10,13,1
588,197,20,2009,10,20,1
589,197,19,2009,10,24,1
590,197,17,2009,10,26,1
591,197,16,2009,9,17,1
592,197,15,2009,9,22,1
593,197,13,2009,9,29,1
594,197,12,2009,12,2,1
595,197,11,2009,12,4,1
596,197,17,2009,12,5,1
597,197,19,2009,12,6,1
598,197,15,2009,12,10,1
599,197,15,2009,12,13,1
600,197,20,2009,12,14,1
601,197,11,2009,12,15,1
602,197,14,2009,11,19,1
603,197,7,2009,11,25,1
604,197,12,2009,11,26,1
605,197,17,2009,11,29,1
606,197,19,2009,12,18,1
607,197,14,2009,9,15,1
608,197,12,2009,9,19,1
609,197,9,2009,2,17,1
610,197,19,2009,10,31,1
611,197,20,2009,11,6,1
612,197,8,2009,11,5,1
613,197,3,2009,7,16,1
614,197,7,2009,7,21,1
615,197,3,2009,3,12,1
616,197,6,2009,4,20,1
617,197,4,2009,5,19,1
618,197,1,2009,6,16,1
619,197,10,2009,3,28,1
620,197,1,2009,7,7,1
621,197,5,2009,5,4,1
622,197,1,2009,5,7,1
623,197,2,2009,6,8,1
624,197,9,2009,4,2,1
625,197,2,2009,5,7,1
626,197,19,2009,12,16,-1
627,198,17,2009,2,16,1
628,198,16,2009,4,21,1
629,198,15,2009,6,11,1
630,198,13,2009,7,2,1
631,198,16,2009,7,15,1
632,198,16,2009,3,3,1
633,198,16,2009,3,4,1
634,198,19,2009,3,10,1
635,198,8,2009,9,4,1
636,198,1,2009,3,3,1
637,198,6,2009,5,28,1
638,198,2,2009,10,5,1
639,198,8,2009,5,4,1
640,198,6,2009,1,11,1
641,198,17,2009,12,29,1
642,198,1,2009,7,10,1
643,198,20,2009,12,15,1
644,198,13,2009,10,5,1
645,198,13,2009,10,20,1
646,198,14,2009,9,15,1
647,198,14,2009,9,22,1
648,198,17,2009,9,23,1
649,198,19,2009,10,31,1
650,198,20,2009,11,10,1
651,199,18,2009,3,19,1
652,199,13,2009,9,15,1
653,200,10,2009,5,26,1
654,201,18,2009,12,19,1
655,201,3,2009,9,1,1
656,201,3,2009,3,31,1
657,202,18,2009,10,4,1
658,203,11,2009,2,8,1
659,203,15,2009,3,19,1
660,203,16,2009,3,23,1
661,203,13,2009,8,19,1
662,204,17,2009,1,22,1
663,204,20,2009,2,8,1
664,204,16,2009,3,23,1
665,204,19,2009,4,1,1
666,204,19,2009,8,19,1
667,204,9,2009,10,1,1
668,204,17,2009,10,12,1
669,204,15,2009,10,12,1
670,204,4,2009,9,22,1
671,204,5,2009,3,30,1
672,204,5,2009,12,8,1
673,204,10,2009,3,15,1
674,204,1,2009,1,7,1
675,204,4,2009,1,20,1
676,204,2,2009,1,31,1
677,205,5,2009,11,5,1
678,206,18,2009,10,13,1
679,207,6,2009,10,19,1
680,208,3,2009,1,26,1
681,209,13,2009,2,7,1
682,209,7,2009,2,18,1
683,209,10,2009,11,5,1
684,210,11,2009,5,29,1
685,211,11,2009,3,9,1
686,212,16,2009,2,9,1
687,212,16,2009,3,23,1
688,213,19,2009,9,9,2
689,213,18,2009,2,7,1
690,213,20,2009,2,20,1
691,213,12,2009,3,5,1
692,213,19,2009,3,13,1
693,213,17,2009,4,2,1
694,213,16,2009,4,2,1
695,213,19,2009,4,7,1
696,213,11,2009,4,12,1
697,213,17,2009,4,21,1
698,213,11,2009,4,30,1
699,213,16,2009,5,8,1
700,213,5,2009,5,11,1
701,213,20,2009,12,23,1
702,213,18,2009,6,11,1
703,213,12,2009,7,1,1
704,213,11,2009,7,9,1
705,213,12,2009,7,22,1
706,213,20,2009,9,29,1
707,213,11,2009,11,9,1
708,213,13,2009,4,20,1
709,213,6,2009,12,15,1
710,213,6,2009,4,23,1
711,213,3,2009,10,23,1
712,213,4,2009,6,8,1
713,213,13,2009,7,9,1
714,184,11,2009,7,22,1
715,184,13,2009,7,22,1
716,184,19,2009,8,11,1
717,184,11,2009,8,15,1
718,184,6,2009,8,20,1
719,214,16,2009,2,25,1
720,215,2,2009,5,25,1
721,216,14,2009,2,26,1
722,217,11,2009,2,7,1
723,218,1,2009,2,28,1
724,219,20,2009,8,27,1
725,220,15,2009,1,8,1
726,221,15,2009,12,23,1
727,222,12,2009,5,16,1
728,223,16,2009,4,19,1
729,224,10,2009,9,14,1
730,225,19,2009,4,19,1
731,226,16,2009,4,12,1
732,227,17,2009,11,21,1
733,228,13,2009,4,10,1
734,229,14,2009,2,20,1
735,230,12,2009,1,9,1
736,231,11,2009,1,12,1
737,232,12,2009,8,9,1
738,233,3,2009,1,7,1
739,234,8,2009,3,7,1
740,235,4,2009,5,12,1
741,236,13,2009,1,5,1
742,237,7,2009,12,4,1
743,238,12,2009,6,15,1
744,239,20,2009,2,21,1
745,240,17,2009,1,10,1
746,241,2,2009,11,2,1
747,242,18,2009,10,11,1
748,243,15,2009,5,29,1
749,244,10,2009,5,8,1
750,245,12,2009,5,20,1
751,246,7,2009,10,29,1
752,247,14,2009,10,31,1
753,248,19,2009,2,4,2
754,249,1,2009,8,19,1
755,250,17,2009,12,5,2
756,251,11,2009,9,17,1
757,252,4,2009,5,12,1
758,253,17,2009,3,24,1
759,254,5,2009,12,1,1
760,255,20,2009,7,24,1
761,256,18,2009,4,2,1
762,257,9,2009,2,16,1
763,257,10,2009,2,28,1
764,258,11,2009,11,1,1
765,259,18,2009,9,15,1
766,260,6,2009,1,28,1
767,261,15,2009,5,16,1
768,262,5,2009,12,2,2
769,263,20,2009,5,5,1
770,264,15,2009,6,17,2
771,265,12,2009,11,18,1
772,265,4,2009,1,21,1
773,266,20,2009,1,16,1
774,266,12,2009,1,5,1
775,267,17,2009,1,27,1
776,268,6,2009,6,16,3
777,269,10,2009,6,16,3
778,270,8,2009,6,16,3
779,271,7,2009,6,16,3
780,272,8,2009,3,2,1
781,273,17,2009,3,3,1
782,274,15,2009,3,31,1
783,275,15,2009,3,31,1
784,276,16,2009,3,19,1
785,277,7,2009,10,30,1
786,278,18,2009,10,20,1
787,279,6,2009,7,21,1
788,280,15,2009,12,21,1
789,281,19,2009,12,5,1
790,282,7,2009,1,28,1
791,283,12,2009,12,21,1
792,284,20,2009,1,20,1
793,285,20,2009,8,27,1
794,286,16,2009,4,22,2
795,287,8,2009,4,5,1
796,288,17,2009,1,10,1
797,289,20,2009,8,27,1
798,290,12,2009,8,27,1
799,291,1,2009,11,17,1
800,292,15,2009,5,4,1
801,293,12,2009,1,8,1
802,294,7,2009,10,10,1
803,295,10,2009,12,14,2
804,296,16,2009,3,1,2
805,296,18,2009,3,12,-2
806,297,19,2009,8,12,3
807,297,18,2009,12,15,2
808,297,18,2009,8,14,2
809,297,20,2009,1,6,1
810,297,14,2009,1,19,1
811,297,10,2009,1,21,1
812,297,13,2009,2,9,1
813,297,18,2009,2,10,1
814,297,19,2009,3,3,1
815,297,15,2009,3,4,1
816,297,16,2009,3,5,1
817,297,11,2009,3,7,1
818,297,16,2009,3,23,1
819,297,15,2009,4,24,1
820,297,16,2009,5,11,1
821,297,14,2009,5,12,1
822,297,12,2009,5,26,1
823,297,11,2009,10,5,1
824,297,11,2009,10,13,1
825,297,14,2009,10,17,1
826,297,13,2009,10,23,1
827,297,17,2009,12,13,1
828,297,15,2009,12,29,1
829,297,20,2009,6,2,1
830,297,14,2009,6,16,1
831,297,13,2009,6,26,1
832,297,12,2009,7,5,1
833,297,20,2009,7,7,1
834,297,19,2009,7,12,1
835,297,14,2009,7,15,1
836,297,19,2009,7,20,1
837,297,18,2009,7,22,1
838,297,16,2009,7,30,1
839,297,16,2009,8,5,1
840,297,14,2009,8,11,1
841,297,15,2009,8,27,1
842,297,19,2009,9,11,1
843,297,11,2009,9,17,1
844,297,18,2009,9,19,1
845,297,11,2009,9,19,1
846,297,19,2009,9,23,1
847,297,17,2009,9,29,1
848,297,20,2009,9,29,1
849,297,13,2009,11,29,1
850,297,7,2009,9,16,1
851,297,14,2009,9,21,1
852,297,8,2009,10,31,1
853,297,10,2009,5,4,1
854,297,1,2009,8,13,1
855,297,3,2009,1,13,1
856,297,2,2009,12,18,1
857,297,7,2009,4,20,1
858,297,8,2009,1,11,1
859,297,1,2009,1,20,1
860,298,12,2009,8,14,2
861,298,11,2009,1,13,1
862,298,19,2009,2,8,1
863,298,16,2009,2,11,1
864,298,15,2009,2,19,1
865,298,11,2009,3,18,1
866,298,17,2009,3,23,1
867,298,19,2009,4,3,1
868,298,12,2009,4,7,1
869,298,6,2009,10,1,1
870,298,13,2009,10,26,1
871,298,18,2009,6,15,1
872,298,20,2009,8,11,1
873,298,14,2009,8,17,1
874,298,17,2009,8,20,1
875,298,12,2009,9,22,1
876,298,13,2009,11,1,1
877,298,9,2009,6,24,1
878,298,8,2009,7,27,1
879,298,6,2009,2,17,1
880,298,3,2009,2,20,1
881,298,2,2009,12,10,1
882,298,7,2009,9,22,1
883,298,2,2009,3,9,1
884,298,2,2009,4,4,1
885,298,5,2009,4,11,1
886,298,9,2009,4,22,1
887,298,6,2009,1,7,1
888,298,8,2009,1,25,1
889,298,4,2009,9,17,1
890,298,12,2009,10,2,-1
891,299,15,2009,8,9,1
892,300,13,2009,3,29,1
893,301,11,2009,3,10,1
894,302,5,2009,11,11,1
895,303,9,2009,11,7,1
896,304,8,2009,5,29,2
897,305,13,2009,9,21,1
898,306,15,2009,3,7,1
899,307,15,2009,5,6,1
900,307,13,2009,6,7,1
901,307,13,2009,8,14,1
902,308,11,2009,3,7,1
903,309,7,2009,1,22,2
904,310,13,2009,11,2,1
905,311,19,2009,2,7,1
906,312,15,2009,2,7,1
907,313,6,2009,2,12,2
908,314,5,2009,4,19,1
909,315,20,2009,10,21,1
910,316,4,2009,5,8,1
911,317,2,2009,3,17,1
912,318,8,2009,5,25,1
913,319,19,2009,12,29,1
914,320,15,2009,10,9,1
915,321,13,2009,11,1,2
916,322,6,2009,12,1,1
917,323,11,2009,2,1,1
918,324,3,2009,10,14,1
919,325,3,2009,1,16,1
920,326,16,2009,7,15,1
921,327,1,2009,12,30,1
922,328,9,2009,6,15,1
923,329,20,2009,5,5,1
924,330,9,2009,6,1,1
925,331,19,2009,5,11,1
926,332,20,2009,5,12,1
927,333,3,2009,4,27,1
928,334,20,2009,1,20,1
929,335,2,2009,3,16,15
930,336,11,2009,9,16,1
931,337,20,2009,8,11,1
932,338,8,2009,12,18,1
933,339,5,2009,1,31,1
934,340,16,2009,3,6,1
935,340,6,2009,9,24,1
936,340,7,2009,12,30,1
937,341,13,2009,3,6,1
938,341,2,2009,4,23,1
939,341,4,2009,3,2,1
940,341,1,2009,9,24,1
941,341,9,2009,8,24,1
942,342,13,2009,9,2,2
943,342,15,2009,4,7,1
944,342,1,2009,1,20,1
945,342,10,2009,2,11,1
946,342,7,2009,3,18,1
947,342,1,2009,3,2,1
948,342,4,2009,10,27,1
949,343,15,2009,12,11,2
950,344,13,2009,12,11,1
951,345,18,2009,12,11,1
952,346,12,2009,12,11,1
953,347,13,2009,12,11,1
954,348,20,2009,2,11,1
955,349,6,2009,3,31,1
956,350,9,2009,10,22,1
957,351,3,2009,1,31,1
958,352,16,2009,10,1,1
959,353,2,2009,8,17,1
960,354,12,2009,5,26,1
961,354,19,2009,12,17,1
962,354,7,2009,7,9,1
963,354,12,2009,8,26,1
964,355,3,2009,1,31,1
965,356,5,2009,1,31,1
966,357,15,2009,10,12,1
967,358,16,2009,2,14,1
968,359,16,2009,12,11,2
969,360,17,2009,12,11,1
970,361,13,2009,12,11,1
971,362,13,2009,12,10,1
972,363,12,2009,2,11,1
973,364,13,2009,8,5,1
974,365,18,2009,8,21,1
975,366,8,2009,3,11,1
976,367,17,2009,2,11,1
977,368,15,2009,12,11,1
978,369,16,2009,12,11,1
979,370,16,2009,3,7,1
980,370,17,2009,10,12,1
981,371,3,2009,8,21,1
982,372,7,2009,12,4,1
983,373,18,2009,3,22,1
984,374,15,2009,10,12,1
985,375,11,2009,11,6,1
986,376,14,2009,3,12,1
987,377,1,2009,10,11,1
988,378,9,2009,7,31,1
989,379,3,2009,1,6,1
990,380,16,2009,12,3,1
991,381,3,2009,11,1,1
992,382,18,2009,6,16,1
993,383,3,2009,7,21,1
994,384,17,2009,3,10,2
995,384,3,2009,11,23,2
996,384,3,2009,1,21,1
997,384,16,2009,1,28,1
998,384,18,2009,1,29,1
999,384,12,2009,2,25,1
1000,384,16,2009,3,1,1
1001,384,12,2009,3,4,1
1002,384,15,2009,3,26,1
1003,384,17,2009,3,30,1
1004,384,17,2009,4,15,1
1005,384,20,2009,4,22,1
1006,384,12,2009,4,22,1
1007,384,13,2009,4,27,1
1008,384,8,2009,5,12,1
1009,384,12,2009,5,12,1
1010,384,17,2009,5,26,1
1011,384,11,2009,5,26,1
1012,384,12,2009,10,7,1
1013,384,12,2009,10,21,1
1014,384,14,2009,12,9,1
1015,384,11,2009,12,29,1
1016,384,13,2009,12,30,1
1017,384,17,2009,6,3,1
1018,384,18,2009,6,29,1
1019,384,6,2009,7,9,1
1020,384,15,2009,7,9,1
1021,384,17,2009,7,17,1
1022,384,14,2009,7,20,1
1023,384,16,2009,7,22,1
1024,384,13,2009,7,29,1
1025,384,13,2009,8,10,1
1026,384,18,2009,8,17,1
1027,384,9,2009,8,23,1
1028,384,12,2009,8,23,1
1029,384,14,2009,8,25,1
1030,384,15,2009,9,23,1
1031,384,7,2009,11,22,1
1032,384,5,2009,10,1,1
1033,384,6,2009,3,23,1
1034,384,9,2009,1,23,1
1035,384,2,2009,2,3,1
1036,384,3,2009,2,4,1
1037,385,16,2009,2,23,1
1038,386,13,2009,7,14,1
1039,387,13,2009,7,11,1
1040,388,7,2009,11,2,1
1041,389,7,2009,5,13,1
1042,390,13,2009,12,29,1
1043,391,5,2009,5,7,1
1044,392,13,2009,4,23,1
1045,393,18,2009,10,8,1
1046,394,9,2009,4,27,1
1047,395,19,2009,2,10,1
1048,396,7,2009,12,3,1
1049,397,2,2009,1,12,1
1050,398,19,2009,12,5,1
1051,399,14,2009,12,21,1
1052,400,6,2009,3,26,1
1053,401,17,2009,7,29,1
1054,402,13,2009,10,12,1
1055,403,2,2009,7,30,1
1056,404,11,2009,11,9,1
1057,405,15,2009,5,7,1
1058,406,20,2009,2,20,1
1059,407,15,2009,4,19,1
1060,408,13,2009,10,19,1
1061,409,18,2009,10,19,1
1062,410,11,2009,3,10,1
1063,411,10,2009,10,8,1
1064,411,9,2009,12,30,1
1065,412,8,2009,10,6,1
1066,413,10,2009,8,20,1
1067,414,20,2009,5,30,1
1068,415,6,2009,12,3,1
1069,416,19,2009,2,1,1
1070,417,8,2009,12,23,1
1071,418,14,2009,12,16,1
1072,419,2,2009,12,18,1
1073,420,16,2009,2,27,1
1074,421,4,2009,10,21,2
1075,422,9,2009,12,30,1
1076,423,16,2009,8,9,1
1077,424,13,2009,6,29,1
1078,425,11,2009,7,28,1
1079,425,12,2009,9,3,1
1080,425,10,2009,7,20,1
1081,425,5,2009,7,20,1
1082,426,3,2009,10,5,1
1083,427,6,2009,5,25,1
1084,428,17,2009,5,11,1
1085,429,11,2009,9,14,1
1086,430,20,2009,5,30,1
1087,431,16,2009,12,21,1
1088,432,11,2009,4,12,1
1089,432,4,2009,7,29,1
1090,433,12,2009,9,29,1
1091,434,16,2009,1,5,1
1092,434,11,2009,3,6,1
1093,434,15,2009,3,9,1
1094,434,17,2009,4,9,1
1095,434,19,2009,7,5,1
1096,435,8,2009,12,5,1
1097,436,6,2009,5,18,1
1098,437,16,2009,7,30,1
1099,438,2,2009,10,7,1
1100,439,11,2009,8,10,1
1101,440,19,2009,1,7,1
1102,440,7,2009,4,1,1
1103,441,19,2009,6,9,1
1104,442,13,2009,2,2,1
1105,443,12,2009,8,27,1
1106,444,7,2009,12,7,1
1107,445,15,2009,1,9,1
1108,445,16,2009,2,18,1
1109,445,14,2009,3,5,1
1110,445,12,2009,5,5,1
1111,445,14,2009,5,27,1
1112,446,12,2009,10,19,1
1113,446,11,2009,9,8,1
1114,446,15,2009,9,9,1
1115,446,16,2009,9,30,1
1116,447,18,2009,5,25,1
1117,447,18,2009,6,23,1
1118,447,11,2009,6,25,1
1119,448,13,2009,3,5,1
1120,448,13,2009,3,16,1
1121,448,8,2009,1,2,1
1122,449,5,2009,11,30,1
1123,450,9,2009,1,13,1
1124,451,16,2009,1,27,1
1125,452,17,2009,12,16,1
1126,453,8,2009,3,21,1
1127,453,5,2009,3,21,1
1128,454,3,2009,4,18,1
1129,455,14,2009,11,18,1
1130,456,9,2009,12,3,1
1131,457,3,2009,10,9,1
1132,458,1,2009,1,20,1
1133,459,11,2009,1,17,1
1134,460,19,2009,5,14,1
1135,461,11,2009,8,26,1
1136,462,20,2009,5,7,1
1137,463,13,2009,11,12,1
1138,464,17,2009,12,20,1
1139,465,16,2009,5,14,1
1140,466,14,2009,12,21,1
1141,467,15,2009,2,15,1
1142,468,4,2009,12,4,1
1143,469,20,2009,5,14,1
1144,470,13,2009,4,19,1
1145,471,11,2009,8,9,1
1146,472,19,2009,10,24,1
1147,473,13,2009,11,1,1
1148,474,5,2009,6,18,2
1149,475,12,2009,5,16,1
1150,476,11,2009,12,11,1
1151,477,10,2009,10,28,1
1152,478,10,2009,9,8,1
1153,479,3,2009,3,7,1
1154,480,17,2009,3,16,1
1155,481,19,2009,1,12,1
1156,482,15,2009,3,27,2
1157,483,20,2009,3,27,2
1158,484,8,2009,12,4,1
1159,485,14,2009,5,13,1
1160,486,17,2009,12,23,1
1161,487,7,2009,9,26,1
1162,488,13,2009,12,10,1
1163,489,19,2009,7,1,1
1164,490,20,2009,9,8,1
1165,491,20,2009,3,19,1
1166,492,14,2009,2,17,1
1167,492,11,2009,2,20,1
1168,493,19,2009,10,19,1
1169,494,18,2009,2,10,1
1170,495,15,2009,11,3,1
1171,496,20,2009,3,15,1
1172,497,1,2009,10,20,1
1173,498,15,2009,3,8,1
1174,499,13,2009,1,16,1
1175,500,13,2009,11,9,1
1176,501,4,2009,11,28,1
1177,502,10,2009,9,24,1
1178,503,11,2009,9,15,1
1179,504,14,2009,5,28,1
1180,504,15,2009,6,8,1
1181,505,18,2009,11,11,1
1182,506,14,2009,3,27,1
1183,507,9,2009,8,10,1
1184,508,11,2009,8,10,1
1185,509,14,2009,12,23,1
1186,510,12,2009,11,2,2
1187,511,12,2009,12,23,1
1188,512,11,2009,3,8,1
1189,513,20,2009,2,3,1
1190,514,12,2009,4,19,1
1191,515,19,2009,2,18,1
1192,516,14,2009,3,31,1
1193,517,2,2009,1,7,1
1194,518,17,2009,1,15,1
1195,519,8,2009,1,5,1
1196,520,11,2009,3,31,1
1197,521,14,2009,3,10,1
1198,522,2,2009,12,3,1
1199,523,17,2009,2,3,1
1200,524,11,2009,2,21,1
1201,525,4,2009,12,30,1
1202,526,18,2009,3,2,1
1203,527,17,2009,3,17,1
1204,528,19,2009,7,12,1
1205,529,19,2009,7,22,1
1206,530,20,2009,2,27,1
1207,531,16,2009,1,28,1
1208,532,9,2009,4,1,1
1209,533,2,2009,4,1,1
1210,534,19,2009,4,19,1
1211,535,14,2009,1,10,1
1212,536,14,2009,12,29,1
1213,537,14,2009,5,13,1
1214,538,10,2009,8,13,1
1215,539,15,2009,10,31,16
1216,539,16,2009,10,30,9
1217,539,11,2009,11,1,3
1218,540,15,2009,3,29,1
1219,541,9,2009,12,15,1
1220,541,19,2009,10,7,1
1221,542,1,2009,12,30,1
1222,543,7,2009,8,3,1
1223,544,11,2009,10,31,1
1224,545,3,2009,8,18,1
1225,546,3,2009,12,4,1
1226,547,18,2009,4,2,1
1227,548,19,2009,9,21,1
1228,549,9,2009,5,31,1
1229,550,11,2009,1,28,1
1230,550,17,2009,1,29,1
1231,551,3,2009,5,25,1
1232,552,16,2009,3,20,1
1233,553,19,2009,3,9,1
1234,554,12,2009,4,14,1
1235,555,18,2009,8,27,1
1236,556,10,2009,1,20,1
1237,556,3,2009,1,20,1
1238,556,2,2009,1,16,1
1239,557,16,2009,3,8,1
1240,558,15,2009,3,29,1
1241,559,11,2009,1,24,1
1242,560,14,2009,12,16,1
1243,560,10,2009,10,4,1
1244,561,3,2009,10,1,1
1245,562,17,2009,8,7,1
1246,563,1,2009,8,7,1
1247,564,11,2009,6,3,1
1248,565,17,2009,10,26,1
1249,565,14,2009,6,5,1
1250,565,2,2009,6,3,1
1251,566,8,2009,2,24,1
1252,567,11,2009,10,18,1
1253,568,18,2009,2,7,1
1254,569,7,2009,4,5,1
1255,570,19,2009,4,29,1
1256,571,15,2009,8,27,1
1257,572,20,2009,8,10,1
1258,572,17,2009,8,17,1
1259,573,14,2009,9,13,1
1260,573,11,2009,9,19,1
1261,574,4,2009,12,3,1
1262,575,10,2009,8,8,1
1263,576,14,2009,7,10,1
1264,577,20,2009,3,28,1
1265,578,11,2009,6,4,1
1266,578,1,2009,8,26,1
1267,579,9,2009,11,14,2
1268,580,3,2009,12,1,1
1269,581,10,2009,3,2,1
1270,582,19,2009,1,9,1
1271,583,16,2009,5,7,1
1272,584,11,2009,1,24,1
1273,585,19,2009,10,21,1
1274,586,17,2009,4,2,1
1275,587,11,2009,4,14,1
1276,588,5,2009,3,7,1
1277,589,10,2009,12,3,1
1278,590,17,2009,12,3,1
1279,591,9,2009,7,1,1
1280,592,12,2009,5,15,1
1281,593,19,2009,3,23,1
1282,594,18,2009,12,16,1
1283,595,4,2009,9,24,1
1284,596,11,2009,2,2,1
1285,597,7,2009,12,30,1
1286,597,9,2009,9,28,1
1287,597,4,2009,11,25,1
1288,598,17,2009,1,27,1
1289,598,10,2009,9,4,1
1290,599,16,2009,12,21,1
1291,600,5,2009,1,24,1
1292,601,13,2009,7,10,1
1293,602,15,2009,1,20,1
1294,603,1,2009,11,29,1
1295,604,14,2009,3,29,1
1296,605,6,2009,4,6,1
1297,606,15,2009,6,9,1
1298,607,15,2009,8,5,1
1299,608,16,2009,2,23,1
1300,609,11,2009,11,12,1
1301,610,13,2009,12,8,1
1302,611,20,2009,5,2,1
1303,612,13,2009,12,28,1
1304,613,1,2009,10,11,1
1305,614,12,2009,3,12,1
1306,614,15,2009,3,15,1
1307,615,15,2009,3,28,1
1308,615,19,2009,3,29,1
1309,616,3,2009,12,27,1
1310,617,17,2009,12,23,1
1311,618,8,2009,10,30,1
1312,619,15,2009,3,19,1
1313,620,18,2009,1,5,1
1314,621,17,2009,2,8,1
1315,622,15,2009,1,20,1
1316,623,6,2009,1,21,1
1317,624,2,2009,5,16,1
1318,625,5,2009,8,16,1
1319,625,7,2009,8,18,1
1320,626,6,2009,8,26,1
1321,627,1,2009,3,26,1
1322,628,14,2009,3,19,1
1323,629,10,2009,3,10,1
1324,630,19,2009,9,21,1
1325,631,18,2009,9,10,1
1326,632,1,2009,2,3,1
1327,633,18,2009,3,22,1
1328,634,15,2009,11,6,1
1329,635,19,2009,2,7,1
1330,636,10,2009,2,12,2
1331,637,4,2009,5,13,1
1332,638,19,2009,11,12,2
1333,639,2,2009,10,31,1
1334,640,17,2009,5,3,1
1335,641,16,2009,8,27,1
1336,642,12,2009,8,27,1
1337,643,15,2009,7,23,1
1338,644,1,2009,3,21,1
1339,645,4,2009,12,21,1
1340,646,16,2009,6,13,1
1341,647,9,2009,12,28,1
1342,648,20,2009,1,9,1
1343,648,3,2009,10,8,1
1344,649,19,2009,12,3,1
1345,650,15,2009,2,18,1
1346,651,4,2009,12,7,1
1347,652,17,2009,8,27,1
1348,653,7,2009,12,5,1
1349,654,14,2009,3,15,1
1350,655,18,2009,10,31,1
1351,656,12,2009,3,19,1
1352,657,5,2009,1,26,1
1353,658,7,2009,12,10,1
1354,659,7,2009,10,28,1
1355,660,19,2009,2,13,1
1356,661,14,2009,9,9,1
1357,662,14,2009,2,7,1
1358,663,14,2009,4,19,1
1359,664,1,2009,1,28,1
1360,664,19,2009,4,19,1
1361,665,9,2009,11,16,1
1362,666,11,2009,2,19,1
1363,667,14,2009,7,12,1
1364,668,13,2009,2,27,1
1365,669,14,2009,11,17,2
1366,669,16,2009,11,16,1
1367,670,20,2009,12,2,5
1368,671,12,2009,12,29,1
1369,672,2,2009,12,4,1
1370,673,5,2009,6,13,1
1371,673,9,2009,10,2,1
1372,674,18,2009,3,8,1
1373,675,4,2009,4,19,1
1374,676,2,2009,9,11,1
1375,677,6,2009,10,27,1
1376,678,6,2009,2,14,1
1377,679,16,2009,3,17,2
1378,679,7,2009,12,9,1
1379,680,13,2009,5,29,1
1380,681,20,2009,5,17,1
1381,682,14,2009,12,4,1
1382,683,11,2009,2,21,1
1383,684,14,2009,2,7,1
1384,685,2,2009,12,11,1
1385,686,19,2009,12,19,1